sample_start,sample_end,time_start_s,time_end_s,channels,,,,,,,,,,,,,,,,,,,,,,,,,,,,,,,
41534,42552,1.384433,1.418367,36,38,,,,,,,,,,,,,,,,,,,,,,,,,,,,,,
456676,457747,15.2225,15.2582,28,34,36,38,40,,,,,,,,,,,,,,,,,,,,,,,,,,,
590334,597467,19.677767,19.915533,32,34,36,38,,,,,,,,,,,,,,,,,,,,,,,,,,,,
699993,700821,23.333067,23.360667,34,36,38,,,,,,,,,,,,,,,,,,,,,,,,,,,,,
931859,932893,31.061933,31.0964,34,36,38,40,,,,,,,,,,,,,,,,,,,,,,,,,,,,
1243068,1250805,41.435567,41.693467,34,36,38,,,,,,,,,,,,,,,,,,,,,,,,,,,,,
1340389,1346150,44.6796,44.871633,36,,,,,,,,,,,,,,,,,,,,,,,,,,,,,,,
1586840,1600957,52.894633,53.3652,28,30,32,34,36,38,40,,,,,,,,,,,,,,,,,,,,,,,,,
1950533,1951655,65.017733,65.055133,30,32,34,36,,,,,,,,,,,,,,,,,,,,,,,,,,,,
2157601,2162143,71.92,72.0714,30,32,34,36,38,,,,,,,,,,,,,,,,,,,,,,,,,,,
2177592,2180470,72.586367,72.6823,36,,,,,,,,,,,,,,,,,,,,,,,,,,,,,,,
2209343,2210940,73.644733,73.697967,36,38,,,,,,,,,,,,,,,,,,,,,,,,,,,,,,
2234350,2242885,74.4783,74.7628,36,38,,,,,,,,,,,,,,,,,,,,,,,,,,,,,,
2581399,2582501,86.0466,86.083333,34,36,38,40,,,,,,,,,,,,,,,,,,,,,,,,,,,,
2611739,2619944,87.057933,87.331433,28,32,34,36,38,40,,,,,,,,,,,,,,,,,,,,,,,,,,
2840622,2845305,94.687367,94.843467,34,36,38,,,,,,,,,,,,,,,,,,,,,,,,,,,,,
3022272,3045665,100.742367,101.522133,26,28,30,32,34,36,38,40,42,,,,,,,,,,,,,,,,,,,,,,,
3180188,3181162,106.006233,106.0387,36,38,,,,,,,,,,,,,,,,,,,,,,,,,,,,,,
3202513,3207893,106.7504,106.929733,28,30,32,34,36,38,,,,,,,,,,,,,,,,,,,,,,,,,,
3369489,3376855,112.316267,112.5618,36,38,,,,,,,,,,,,,,,,,,,,,,,,,,,,,,
3671586,3672771,122.386167,122.425667,24,26,28,30,32,34,36,38,,,,,,,,,,,,,,,,,,,,,,,,
3892756,3893702,129.7585,129.790033,36,,,,,,,,,,,,,,,,,,,,,,,,,,,,,,,
4108709,4110454,136.956933,137.0151,36,38,40,,,,,,,,,,,,,,,,,,,,,,,,,,,,,
4127496,4138227,137.583167,137.940867,28,30,32,34,36,38,40,,,,,,,,,,,,,,,,,,,,,,,,,
4278261,4293651,142.608667,143.121667,20,26,28,30,32,34,36,38,40,42,50,,,,,,,,,,,,,,,,,,,,,
4322364,4327758,144.078767,144.258567,36,,,,,,,,,,,,,,,,,,,,,,,,,,,,,,,
4337976,4346069,144.599167,144.868933,28,30,32,34,36,38,40,44,46,48,,,,,,,,,,,,,,,,,,,,,,
4369088,4374329,145.636233,145.810933,36,38,,,,,,,,,,,,,,,,,,,,,,,,,,,,,,
4392570,4400122,146.418967,146.6707,36,38,,,,,,,,,,,,,,,,,,,,,,,,,,,,,,
4415861,4430838,147.195333,147.694567,34,36,38,40,,,,,,,,,,,,,,,,,,,,,,,,,,,,
4800614,4801438,160.020433,160.0479,28,30,32,36,,,,,,,,,,,,,,,,,,,,,,,,,,,,
5481945,5489247,182.731467,182.974867,36,40,,,,,,,,,,,,,,,,,,,,,,,,,,,,,,
5674692,5678799,189.156367,189.293267,34,36,38,40,42,,,,,,,,,,,,,,,,,,,,,,,,,,,
6128517,6132669,204.283867,204.422267,38,,,,,,,,,,,,,,,,,,,,,,,,,,,,,,,
7242895,7243918,241.4298,241.4639,36,,,,,,,,,,,,,,,,,,,,,,,,,,,,,,,
8861377,8862563,295.3792,295.418733,30,36,38,,,,,,,,,,,,,,,,,,,,,,,,,,,,,
9279464,9280232,309.315433,309.341033,36,,,,,,,,,,,,,,,,,,,,,,,,,,,,,,,
9728421,9729405,324.280667,324.313467,36,,,,,,,,,,,,,,,,,,,,,,,,,,,,,,,
10119157,10123286,337.3052,337.442833,36,,,,,,,,,,,,,,,,,,,,,,,,,,,,,,,
10286014,10298434,342.8671,343.2811,28,30,32,34,36,38,40,42,44,46,48,50,,,,,,,,,,,,,,,,,,,,
10369603,10373161,345.6534,345.772,36,38,40,,,,,,,,,,,,,,,,,,,,,,,,,,,,,
10700851,10703082,356.695,356.769367,36,38,,,,,,,,,,,,,,,,,,,,,,,,,,,,,,
10834356,10835661,361.145167,361.188667,28,30,36,38,,,,,,,,,,,,,,,,,,,,,,,,,,,,
13254207,13257117,441.806867,441.903867,36,,,,,,,,,,,,,,,,,,,,,,,,,,,,,,,
13360180,13361138,445.3393,445.371233,36,,,,,,,,,,,,,,,,,,,,,,,,,,,,,,,
13499288,13507424,449.976233,450.247433,28,30,36,38,,,,,,,,,,,,,,,,,,,,,,,,,,,,
13644390,13650273,454.812967,455.009067,36,,,,,,,,,,,,,,,,,,,,,,,,,,,,,,,
13974128,13979041,465.804233,465.968,36,,,,,,,,,,,,,,,,,,,,,,,,,,,,,,,
14052501,14061102,468.416667,468.703367,28,30,36,38,,,,,,,,,,,,,,,,,,,,,,,,,,,,
14186011,14192187,472.867,473.072867,36,38,,,,,,,,,,,,,,,,,,,,,,,,,,,,,,
14469050,14475689,482.301633,482.522933,36,,,,,,,,,,,,,,,,,,,,,,,,,,,,,,,
14486161,14503387,482.872,483.4462,28,30,32,34,36,38,40,42,44,46,48,50,52,54,,,,,,,,,,,,,,,,,,
14598823,14599667,486.6274,486.655533,28,36,,,,,,,,,,,,,,,,,,,,,,,,,,,,,,
14665326,14666171,488.844167,488.872333,36,,,,,,,,,,,,,,,,,,,,,,,,,,,,,,,
14813368,14818459,493.7789,493.9486,28,36,,,,,,,,,,,,,,,,,,,,,,,,,,,,,,
15031466,15036937,501.048833,501.2312,36,,,,,,,,,,,,,,,,,,,,,,,,,,,,,,,
15119369,15125738,503.978933,504.191233,28,30,36,,,,,,,,,,,,,,,,,,,,,,,,,,,,,
15297563,15301962,509.918733,510.065367,30,36,,,,,,,,,,,,,,,,,,,,,,,,,,,,,,
15358944,15360047,511.964767,512.001533,36,,,,,,,,,,,,,,,,,,,,,,,,,,,,,,,
15427503,15434886,514.250067,514.496167,36,,,,,,,,,,,,,,,,,,,,,,,,,,,,,,,
15574731,15576014,519.157667,519.200433,28,30,32,34,36,38,,,,,,,,,,,,,,,,,,,,,,,,,,
15658218,15659147,521.940567,521.971533,28,36,38,,,,,,,,,,,,,,,,,,,,,,,,,,,,,
15787249,15788010,526.2416,526.266967,36,,,,,,,,,,,,,,,,,,,,,,,,,,,,,,,
15821207,15822417,527.373533,527.413867,28,30,32,34,36,38,,,,,,,,,,,,,,,,,,,,,,,,,,
15923326,15929979,530.7775,530.999267,28,36,,,,,,,,,,,,,,,,,,,,,,,,,,,,,,
16052073,16057024,535.069067,535.2341,36,,,,,,,,,,,,,,,,,,,,,,,,,,,,,,,
16072937,16081333,535.764533,536.0444,36,,,,,,,,,,,,,,,,,,,,,,,,,,,,,,,
16198651,16202860,539.955,540.0953,36,,,,,,,,,,,,,,,,,,,,,,,,,,,,,,,
16305821,16310864,543.527333,543.695433,36,,,,,,,,,,,,,,,,,,,,,,,,,,,,,,,
16321559,16325619,544.051933,544.187267,36,,,,,,,,,,,,,,,,,,,,,,,,,,,,,,,
16457115,16462334,548.570467,548.744433,36,38,,,,,,,,,,,,,,,,,,,,,,,,,,,,,,
16533221,16534463,551.107333,551.148733,28,30,32,34,36,38,,,,,,,,,,,,,,,,,,,,,,,,,,
16551555,16556735,551.718467,551.891133,36,,,,,,,,,,,,,,,,,,,,,,,,,,,,,,,
16566327,16567918,552.210867,552.2639,34,36,38,40,,,,,,,,,,,,,,,,,,,,,,,,,,,,
16586127,16594032,552.870867,553.134367,28,36,38,,,,,,,,,,,,,,,,,,,,,,,,,,,,,
16654536,16655688,555.151167,555.189567,36,,,,,,,,,,,,,,,,,,,,,,,,,,,,,,,
16719527,16720958,557.317533,557.365233,28,30,32,34,36,38,,,,,,,,,,,,,,,,,,,,,,,,,,
16792495,16793703,559.7498,559.790067,28,30,32,34,36,38,,,,,,,,,,,,,,,,,,,,,,,,,,
16808316,16809078,560.277167,560.302567,36,38,,,,,,,,,,,,,,,,,,,,,,,,,,,,,,
16833595,16834580,561.1198,561.152633,36,,,,,,,,,,,,,,,,,,,,,,,,,,,,,,,
16846277,16847134,561.542533,561.5711,36,,,,,,,,,,,,,,,,,,,,,,,,,,,,,,,
16956185,16964732,565.206133,565.491033,36,,,,,,,,,,,,,,,,,,,,,,,,,,,,,,,
17046163,17062287,568.2054,568.742867,36,38,,,,,,,,,,,,,,,,,,,,,,,,,,,,,,
17164033,17164903,572.1344,572.1634,28,30,36,,,,,,,,,,,,,,,,,,,,,,,,,,,,,
17274277,17281796,575.8092,576.059833,36,38,,,,,,,,,,,,,,,,,,,,,,,,,,,,,,
17382495,17384221,579.416467,579.474,36,,,,,,,,,,,,,,,,,,,,,,,,,,,,,,,
17487328,17494524,582.9109,583.150767,28,30,32,34,36,38,40,,,,,,,,,,,,,,,,,,,,,,,,,
17589955,17590765,586.3318,586.3588,36,,,,,,,,,,,,,,,,,,,,,,,,,,,,,,,
17772170,17773178,592.405633,592.439233,36,,,,,,,,,,,,,,,,,,,,,,,,,,,,,,,
17813923,17815041,593.7974,593.834667,36,,,,,,,,,,,,,,,,,,,,,,,,,,,,,,,
17931756,17940522,597.725167,598.017367,28,30,32,34,36,,,,,,,,,,,,,,,,,,,,,,,,,,,
17957607,17958492,598.586867,598.616367,36,,,,,,,,,,,,,,,,,,,,,,,,,,,,,,,
17993308,17994509,599.7769,599.816933,28,30,32,34,36,38,40,42,44,46,,,,,,,,,,,,,,,,,,,,,,
18009607,18010675,600.3202,600.3558,28,30,32,34,36,38,40,,,,,,,,,,,,,,,,,,,,,,,,,
18027433,18030691,600.9144,601.023,36,,,,,,,,,,,,,,,,,,,,,,,,,,,,,,,
18362351,18371890,612.078333,612.3963,36,,,,,,,,,,,,,,,,,,,,,,,,,,,,,,,
18392426,18393623,613.080833,613.120733,36,,,,,,,,,,,,,,,,,,,,,,,,,,,,,,,
18436538,18437999,614.551233,614.599933,28,36,38,,,,,,,,,,,,,,,,,,,,,,,,,,,,,
18480960,18490933,616.031967,616.3644,36,,,,,,,,,,,,,,,,,,,,,,,,,,,,,,,
18663304,18667203,622.1101,622.240067,28,30,36,,,,,,,,,,,,,,,,,,,,,,,,,,,,,
18894355,18898910,629.8118,629.963633,28,30,32,34,36,,,,,,,,,,,,,,,,,,,,,,,,,,,
18923881,18924809,630.796,630.826933,36,,,,,,,,,,,,,,,,,,,,,,,,,,,,,,,
19009627,19017944,633.6542,633.931433,30,34,36,38,,,,,,,,,,,,,,,,,,,,,,,,,,,,
19058162,19063779,635.272033,635.459267,28,,,,,,,,,,,,,,,,,,,,,,,,,,,,,,,
19132996,19135331,637.7665,637.844333,36,,,,,,,,,,,,,,,,,,,,,,,,,,,,,,,
19144346,19155469,638.144833,638.5156,36,,,,,,,,,,,,,,,,,,,,,,,,,,,,,,,
19247464,19260262,641.5821,642.0087,34,36,38,40,42,54,,,,,,,,,,,,,,,,,,,,,,,,,,
19285143,19316124,642.838067,643.870767,26,28,30,32,34,36,38,40,42,44,46,52,,,,,,,,,,,,,,,,,,,,
19714729,19721939,657.1576,657.397933,36,,,,,,,,,,,,,,,,,,,,,,,,,,,,,,,
19755656,19767820,658.521833,658.9273,36,38,,,,,,,,,,,,,,,,,,,,,,,,,,,,,,
19826296,19830458,660.8765,661.015233,28,30,32,34,36,38,,,,,,,,,,,,,,,,,,,,,,,,,,
19851265,19852419,661.7088,661.747267,36,38,,,,,,,,,,,,,,,,,,,,,,,,,,,,,,
19901808,19903046,663.393567,663.434833,28,30,32,34,36,38,,,,,,,,,,,,,,,,,,,,,,,,,,
20089893,20090911,669.663067,669.697,28,36,,,,,,,,,,,,,,,,,,,,,,,,,,,,,,
20162422,20191350,672.0807,673.044967,26,28,30,32,34,36,38,40,42,44,46,48,50,52,,,,,,,,,,,,,,,,,,
20206985,20213649,673.566133,673.788267,28,30,32,34,36,38,40,,,,,,,,,,,,,,,,,,,,,,,,,
20252095,20258694,675.0698,675.289767,36,,,,,,,,,,,,,,,,,,,,,,,,,,,,,,,
20294699,20295530,676.489933,676.517633,36,,,,,,,,,,,,,,,,,,,,,,,,,,,,,,,
20365814,20368466,678.860433,678.948833,28,36,,,,,,,,,,,,,,,,,,,,,,,,,,,,,,
20479148,20480061,682.638233,682.668667,36,,,,,,,,,,,,,,,,,,,,,,,,,,,,,,,
20504096,20514610,683.469833,683.8203,36,,,,,,,,,,,,,,,,,,,,,,,,,,,,,,,
20644354,20649339,688.1451,688.311267,36,,,,,,,,,,,,,,,,,,,,,,,,,,,,,,,
20753357,20755903,691.778533,691.8634,28,36,,,,,,,,,,,,,,,,,,,,,,,,,,,,,,
20815761,20825316,693.858667,694.177167,36,,,,,,,,,,,,,,,,,,,,,,,,,,,,,,,
20842153,20843109,694.7384,694.770267,36,,,,,,,,,,,,,,,,,,,,,,,,,,,,,,,
20930602,20942626,697.6867,698.0875,36,,,,,,,,,,,,,,,,,,,,,,,,,,,,,,,
20951745,20956065,698.391467,698.535467,36,,,,,,,,,,,,,,,,,,,,,,,,,,,,,,,
20981767,20982651,699.3922,699.421667,36,38,40,,,,,,,,,,,,,,,,,,,,,,,,,,,,,
20994008,21006731,699.800233,700.224333,36,,,,,,,,,,,,,,,,,,,,,,,,,,,,,,,
21177126,21178084,705.904167,705.9361,36,,,,,,,,,,,,,,,,,,,,,,,,,,,,,,,
21198187,21203349,706.6062,706.778267,36,,,,,,,,,,,,,,,,,,,,,,,,,,,,,,,
21231837,21234757,707.727867,707.8252,36,,,,,,,,,,,,,,,,,,,,,,,,,,,,,,,
21251149,21254305,708.3716,708.4768,28,30,32,34,36,38,40,,,,,,,,,,,,,,,,,,,,,,,,,
21372799,21373960,712.4266,712.4653,36,38,,,,,,,,,,,,,,,,,,,,,,,,,,,,,,
21384222,21385900,712.807367,712.8633,28,36,,,,,,,,,,,,,,,,,,,,,,,,,,,,,,
21471512,21473836,715.717033,715.7945,36,,,,,,,,,,,,,,,,,,,,,,,,,,,,,,,
21576214,21606733,719.2071,720.2244,28,30,36,38,,,,,,,,,,,,,,,,,,,,,,,,,,,,
21622288,21627073,720.7429,720.9024,36,,,,,,,,,,,,,,,,,,,,,,,,,,,,,,,
21640045,21641221,721.3348,721.374,28,30,32,34,36,38,40,42,,,,,,,,,,,,,,,,,,,,,,,,
21665071,21665883,722.169,722.196067,20,28,,,,,,,,,,,,,,,,,,,,,,,,,,,,,,
21729276,21734190,724.309167,724.472967,36,,,,,,,,,,,,,,,,,,,,,,,,,,,,,,,
21802201,21803010,726.74,726.766967,36,38,,,,,,,,,,,,,,,,,,,,,,,,,,,,,,
21819817,21823659,727.3272,727.455267,28,30,36,,,,,,,,,,,,,,,,,,,,,,,,,,,,,
21873795,21881117,729.126467,729.370533,32,34,36,38,,,,,,,,,,,,,,,,,,,,,,,,,,,,
21906539,21912470,730.217933,730.415633,36,38,,,,,,,,,,,,,,,,,,,,,,,,,,,,,,
21935742,21943147,731.191367,731.4382,36,,,,,,,,,,,,,,,,,,,,,,,,,,,,,,,
21953908,21960004,731.7969,732.0001,36,,,,,,,,,,,,,,,,,,,,,,,,,,,,,,,
21979370,21980706,732.645633,732.690167,30,36,,,,,,,,,,,,,,,,,,,,,,,,,,,,,,
22081322,22083632,736.044033,736.121033,36,,,,,,,,,,,,,,,,,,,,,,,,,,,,,,,
22298084,22331359,743.269433,744.3786,28,30,32,34,36,38,40,42,,,,,,,,,,,,,,,,,,,,,,,,
22476523,22484040,749.2174,749.467967,36,,,,,,,,,,,,,,,,,,,,,,,,,,,,,,,
22493461,22498181,749.782,749.939333,34,36,,,,,,,,,,,,,,,,,,,,,,,,,,,,,,
22512038,22512949,750.401233,750.4316,28,30,32,36,,,,,,,,,,,,,,,,,,,,,,,,,,,,
22530377,22531899,751.012533,751.063267,28,36,38,,,,,,,,,,,,,,,,,,,,,,,,,,,,,
22546619,22556331,751.553933,751.877667,28,30,32,36,,,,,,,,,,,,,,,,,,,,,,,,,,,,
22614747,22623667,753.824867,754.1222,36,38,,,,,,,,,,,,,,,,,,,,,,,,,,,,,,
22715316,22716732,757.177167,757.224367,34,36,38,40,,,,,,,,,,,,,,,,,,,,,,,,,,,,
22775289,22781019,759.176267,759.367267,34,36,38,,,,,,,,,,,,,,,,,,,,,,,,,,,,,
22820868,22822069,760.695567,760.7356,36,,,,,,,,,,,,,,,,,,,,,,,,,,,,,,,
22963639,22971031,765.4546,765.701,36,,,,,,,,,,,,,,,,,,,,,,,,,,,,,,,
22983107,22996304,766.103533,766.543433,28,30,32,34,36,38,40,,,,,,,,,,,,,,,,,,,,,,,,,
23075457,23076676,769.181867,769.2225,28,30,32,34,36,38,40,46,48,50,52,54,,,,,,,,,,,,,,,,,,,,
23291251,23292385,776.375,776.4128,28,30,32,34,36,38,,,,,,,,,,,,,,,,,,,,,,,,,,
23309828,23311019,776.994233,777.033933,36,,,,,,,,,,,,,,,,,,,,,,,,,,,,,,,
23564716,23574329,785.4905,785.810933,36,,,,,,,,,,,,,,,,,,,,,,,,,,,,,,,
23583632,23606733,786.121033,786.891067,26,28,30,32,34,36,38,,,,,,,,,,,,,,,,,,,,,,,,,
23617743,23640978,787.258067,788.032567,28,30,34,36,38,,,,,,,,,,,,,,,,,,,,,,,,,,,
23736598,23743887,791.2199,791.462867,36,,,,,,,,,,,,,,,,,,,,,,,,,,,,,,,
23823594,23824773,794.119767,794.159067,36,38,,,,,,,,,,,,,,,,,,,,,,,,,,,,,,
23843367,23852905,794.778867,795.0968,36,,,,,,,,,,,,,,,,,,,,,,,,,,,,,,,
23954894,23964957,798.496433,798.831867,34,36,38,40,,,,,,,,,,,,,,,,,,,,,,,,,,,,
23980851,23981916,799.361667,799.397167,36,,,,,,,,,,,,,,,,,,,,,,,,,,,,,,,
24002284,24004657,800.0761,800.1552,36,38,,,,,,,,,,,,,,,,,,,,,,,,,,,,,,
24029277,24038124,800.975867,801.270767,36,40,,,,,,,,,,,,,,,,,,,,,,,,,,,,,,
24054238,24110930,801.8079,803.697633,28,30,32,34,36,38,40,42,,,,,,,,,,,,,,,,,,,,,,,,
24127486,24130494,804.2495,804.349767,36,,,,,,,,,,,,,,,,,,,,,,,,,,,,,,,
24181349,24184345,806.044933,806.1448,36,,,,,,,,,,,,,,,,,,,,,,,,,,,,,,,
24217389,24218566,807.246267,807.2855,36,,,,,,,,,,,,,,,,,,,,,,,,,,,,,,,
24227608,24233495,807.5869,807.783133,28,30,32,34,36,38,40,42,,,,,,,,,,,,,,,,,,,,,,,,
24320156,24329811,810.671833,810.993667,36,38,,,,,,,,,,,,,,,,,,,,,,,,,,,,,,
24421208,24447030,814.040233,814.900967,36,38,,,,,,,,,,,,,,,,,,,,,,,,,,,,,,
24457666,24470307,815.2555,815.676867,28,30,36,,,,,,,,,,,,,,,,,,,,,,,,,,,,,
24487575,24513022,816.252467,817.1007,36,38,,,,,,,,,,,,,,,,,,,,,,,,,,,,,,
24523283,24528294,817.442733,817.609767,30,32,34,36,38,40,42,,,,,,,,,,,,,,,,,,,,,,,,,
24618634,24623731,820.6211,820.791,36,,,,,,,,,,,,,,,,,,,,,,,,,,,,,,,
24784277,24786590,826.142533,826.219633,28,30,32,34,36,38,,,,,,,,,,,,,,,,,,,,,,,,,,
24834461,24841135,827.815333,828.0378,36,38,,,,,,,,,,,,,,,,,,,,,,,,,,,,,,
24882383,24885590,829.412733,829.519633,36,,,,,,,,,,,,,,,,,,,,,,,,,,,,,,,
24934911,24947644,831.163667,831.5881,36,,,,,,,,,,,,,,,,,,,,,,,,,,,,,,,
25064755,25069336,835.4918,835.6445,34,36,,,,,,,,,,,,,,,,,,,,,,,,,,,,,,
25092209,25105544,836.406933,836.851433,36,,,,,,,,,,,,,,,,,,,,,,,,,,,,,,,
25125960,25131309,837.531967,837.710267,36,,,,,,,,,,,,,,,,,,,,,,,,,,,,,,,
25146874,25150556,838.2291,838.351833,36,38,,,,,,,,,,,,,,,,,,,,,,,,,,,,,,
25164751,25198568,838.825,839.952233,36,38,,,,,,,,,,,,,,,,,,,,,,,,,,,,,,
25209809,25230165,840.326933,841.005467,36,,,,,,,,,,,,,,,,,,,,,,,,,,,,,,,
25239238,25240116,841.3079,841.337167,36,,,,,,,,,,,,,,,,,,,,,,,,,,,,,,,
25254000,25257714,841.799967,841.923767,28,30,32,34,36,38,,,,,,,,,,,,,,,,,,,,,,,,,,
25385689,25388056,846.1896,846.2685,36,,,,,,,,,,,,,,,,,,,,,,,,,,,,,,,
25469117,25471312,848.970533,849.0437,36,,,,,,,,,,,,,,,,,,,,,,,,,,,,,,,
25542817,25544011,851.4272,851.467,36,,,,,,,,,,,,,,,,,,,,,,,,,,,,,,,
25599050,25601008,853.301633,853.3669,36,,,,,,,,,,,,,,,,,,,,,,,,,,,,,,,
25704767,25706092,856.825533,856.8697,28,30,32,34,36,38,,,,,,,,,,,,,,,,,,,,,,,,,,
26073547,26074599,869.1182,869.153267,28,30,36,,,,,,,,,,,,,,,,,,,,,,,,,,,,,
26142057,26146572,871.401867,871.552367,36,,,,,,,,,,,,,,,,,,,,,,,,,,,,,,,
26199964,26204824,873.3321,873.4941,36,,,,,,,,,,,,,,,,,,,,,,,,,,,,,,,
26229086,26230269,874.302833,874.342267,36,,,,,,,,,,,,,,,,,,,,,,,,,,,,,,,
26361093,26366549,878.703067,878.884933,30,32,34,36,,,,,,,,,,,,,,,,,,,,,,,,,,,,
26392736,26393869,879.757833,879.7956,36,,,,,,,,,,,,,,,,,,,,,,,,,,,,,,,
26454227,26455421,881.807533,881.847333,36,,,,,,,,,,,,,,,,,,,,,,,,,,,,,,,
26503839,26504998,883.461267,883.4999,36,,,,,,,,,,,,,,,,,,,,,,,,,,,,,,,
26515798,26522630,883.8599,884.087633,36,,,,,,,,,,,,,,,,,,,,,,,,,,,,,,,
26537120,26542522,884.570633,884.7507,28,30,32,34,36,38,,,,,,,,,,,,,,,,,,,,,,,,,,
26647823,26657238,888.260733,888.574567,30,36,,,,,,,,,,,,,,,,,,,,,,,,,,,,,,
26723285,26741148,890.776133,891.371567,28,30,32,34,36,,,,,,,,,,,,,,,,,,,,,,,,,,,
26784755,26802313,892.825133,893.4104,36,,,,,,,,,,,,,,,,,,,,,,,,,,,,,,,
26857286,26860671,895.242833,895.355667,36,38,,,,,,,,,,,,,,,,,,,,,,,,,,,,,,
26883515,26884586,896.117133,896.152833,36,,,,,,,,,,,,,,,,,,,,,,,,,,,,,,,
26896611,26898665,896.553667,896.622133,36,,,,,,,,,,,,,,,,,,,,,,,,,,,,,,,
26961445,26965775,898.7148,898.859133,32,34,36,38,40,,,,,,,,,,,,,,,,,,,,,,,,,,,
27001029,27008222,900.034267,900.274033,28,36,,,,,,,,,,,,,,,,,,,,,,,,,,,,,,
27058188,27064325,901.939567,902.144133,36,,,,,,,,,,,,,,,,,,,,,,,,,,,,,,,
27146819,27155629,904.893933,905.1876,34,36,38,,,,,,,,,,,,,,,,,,,,,,,,,,,,,
27197214,27249827,906.573767,908.327533,28,30,32,34,36,38,46,48,,,,,,,,,,,,,,,,,,,,,,,,
27345347,27359022,911.511533,911.967367,36,,,,,,,,,,,,,,,,,,,,,,,,,,,,,,,
27480728,27548414,916.024233,918.280433,30,32,34,36,38,40,42,,,,,,,,,,,,,,,,,,,,,,,,,
27569229,27618563,918.974267,920.618733,34,36,38,40,,,,,,,,,,,,,,,,,,,,,,,,,,,,
27727628,27728925,924.254233,924.297467,36,,,,,,,,,,,,,,,,,,,,,,,,,,,,,,,
27833680,27841512,927.7893,928.050367,28,36,,,,,,,,,,,,,,,,,,,,,,,,,,,,,,
27895391,27896258,929.846333,929.875233,36,,,,,,,,,,,,,,,,,,,,,,,,,,,,,,,
27906412,27930424,930.2137,931.0141,36,,,,,,,,,,,,,,,,,,,,,,,,,,,,,,,
27947048,27955909,931.568233,931.8636,28,30,36,,,,,,,,,,,,,,,,,,,,,,,,,,,,,
28062484,28063394,935.4161,935.446433,36,,,,,,,,,,,,,,,,,,,,,,,,,,,,,,,
28151189,28155342,938.372933,938.511367,36,,,,,,,,,,,,,,,,,,,,,,,,,,,,,,,
28214106,28224127,940.470167,940.8042,36,,,,,,,,,,,,,,,,,,,,,,,,,,,,,,,
28236349,28244045,941.2116,941.468133,36,,,,,,,,,,,,,,,,,,,,,,,,,,,,,,,
28253657,28256389,941.788533,941.8796,28,30,32,34,36,38,40,,,,,,,,,,,,,,,,,,,,,,,,,
28298914,28300121,943.2971,943.337333,36,,,,,,,,,,,,,,,,,,,,,,,,,,,,,,,
28358488,28359657,945.2829,945.321867,36,,,,,,,,,,,,,,,,,,,,,,,,,,,,,,,
28371623,28373134,945.720733,945.7711,30,36,,,,,,,,,,,,,,,,,,,,,,,,,,,,,,
28521402,28522164,950.713367,950.738767,36,,,,,,,,,,,,,,,,,,,,,,,,,,,,,,,
28531313,28532362,951.043733,951.0787,36,,,,,,,,,,,,,,,,,,,,,,,,,,,,,,,
28559033,28618974,951.967733,953.965767,30,32,34,36,38,40,,,,,,,,,,,,,,,,,,,,,,,,,,
28628145,28629317,954.271467,954.310533,36,,,,,,,,,,,,,,,,,,,,,,,,,,,,,,,
28726389,28735620,957.546267,957.853967,36,,,,,,,,,,,,,,,,,,,,,,,,,,,,,,,
28758107,28778264,958.603533,959.275433,24,28,30,32,34,36,38,,,,,,,,,,,,,,,,,,,,,,,,,
28791734,28809600,959.724433,960.319967,36,,,,,,,,,,,,,,,,,,,,,,,,,,,,,,,
28947770,28964153,964.925633,965.471733,36,,,,,,,,,,,,,,,,,,,,,,,,,,,,,,,
29019184,29020030,967.3061,967.3343,36,,,,,,,,,,,,,,,,,,,,,,,,,,,,,,,
29095974,29101133,969.865767,970.037733,36,,,,,,,,,,,,,,,,,,,,,,,,,,,,,,,
29139816,29144894,971.327167,971.496433,20,28,36,,,,,,,,,,,,,,,,,,,,,,,,,,,,,
29183459,29187273,972.781933,972.909067,28,36,,,,,,,,,,,,,,,,,,,,,,,,,,,,,,
29241639,29256678,974.721267,975.222567,36,38,,,,,,,,,,,,,,,,,,,,,,,,,,,,,,
29274623,29276589,975.820733,975.886267,36,,,,,,,,,,,,,,,,,,,,,,,,,,,,,,,
29447491,29452501,981.583,981.75,28,30,36,,,,,,,,,,,,,,,,,,,,,,,,,,,,,
29573509,29589325,985.7836,986.3108,36,38,,,,,,,,,,,,,,,,,,,,,,,,,,,,,,
29619510,29623915,987.316967,987.4638,36,,,,,,,,,,,,,,,,,,,,,,,,,,,,,,,
29671339,29672405,989.0446,989.080133,36,,,,,,,,,,,,,,,,,,,,,,,,,,,,,,,
29681714,29683217,989.390433,989.440533,28,36,,,,,,,,,,,,,,,,,,,,,,,,,,,,,,
29760218,29767872,992.007233,992.262367,36,38,,,,,,,,,,,,,,,,,,,,,,,,,,,,,,
29870580,29871396,995.685967,995.713167,36,,,,,,,,,,,,,,,,,,,,,,,,,,,,,,,
29892938,29894128,996.431233,996.4709,28,32,34,36,38,40,,,,,,,,,,,,,,,,,,,,,,,,,,
29912411,29915272,997.080333,997.1757,36,,,,,,,,,,,,,,,,,,,,,,,,,,,,,,,
29933873,29963980,997.795733,998.7993,28,30,32,34,36,38,40,42,44,46,48,50,52,,,,,,,,,,,,,,,,,,,
29973924,30012729,999.130767,1000.424267,28,32,34,36,38,40,,,,,,,,,,,,,,,,,,,,,,,,,,
30100100,30104961,1003.336633,1003.498667,20,28,36,,,,,,,,,,,,,,,,,,,,,,,,,,,,,
30177330,30181471,1005.910967,1006.049,28,36,,,,,,,,,,,,,,,,,,,,,,,,,,,,,,
30262577,30269811,1008.752533,1008.993667,36,,,,,,,,,,,,,,,,,,,,,,,,,,,,,,,
30436051,30436821,1014.535,1014.560667,36,,,,,,,,,,,,,,,,,,,,,,,,,,,,,,,
30519023,30528985,1017.300733,1017.6328,36,,,,,,,,,,,,,,,,,,,,,,,,,,,,,,,
30545979,30548360,1018.199267,1018.278633,36,,,,,,,,,,,,,,,,,,,,,,,,,,,,,,,
30584965,30590570,1019.4988,1019.685633,28,36,,,,,,,,,,,,,,,,,,,,,,,,,,,,,,
30708017,30709280,1023.600533,1023.642633,36,38,,,,,,,,,,,,,,,,,,,,,,,,,,,,,,
30721177,30723897,1024.0392,1024.129867,28,36,,,,,,,,,,,,,,,,,,,,,,,,,,,,,,
30831819,30839693,1027.727267,1027.989733,36,,,,,,,,,,,,,,,,,,,,,,,,,,,,,,,
30849002,30854562,1028.300033,1028.485367,36,38,,,,,,,,,,,,,,,,,,,,,,,,,,,,,,
30870259,30877917,1029.0086,1029.263867,36,38,,,,,,,,,,,,,,,,,,,,,,,,,,,,,,
31050482,31051778,1035.016033,1035.059233,36,38,,,,,,,,,,,,,,,,,,,,,,,,,,,,,,
31070599,31071720,1035.6866,1035.723967,36,38,,,,,,,,,,,,,,,,,,,,,,,,,,,,,,
31176864,31178023,1039.228767,1039.2674,36,,,,,,,,,,,,,,,,,,,,,,,,,,,,,,,
31189160,31194022,1039.638633,1039.8007,36,,,,,,,,,,,,,,,,,,,,,,,,,,,,,,,
31209075,31220507,1040.302467,1040.683533,26,28,30,32,34,36,38,,,,,,,,,,,,,,,,,,,,,,,,,
31283149,31285502,1042.7716,1042.850033,36,,,,,,,,,,,,,,,,,,,,,,,,,,,,,,,
31331160,31337291,1044.371967,1044.576333,36,,,,,,,,,,,,,,,,,,,,,,,,,,,,,,,
31422959,31430252,1047.431933,1047.675033,28,30,32,34,36,38,,,,,,,,,,,,,,,,,,,,,,,,,,
31556415,31565838,1051.880467,1052.194567,28,36,,,,,,,,,,,,,,,,,,,,,,,,,,,,,,
31631591,31634779,1054.386333,1054.4926,36,,,,,,,,,,,,,,,,,,,,,,,,,,,,,,,
31699492,31701221,1056.6497,1056.707333,28,36,38,,,,,,,,,,,,,,,,,,,,,,,,,,,,,
31734443,31735290,1057.814733,1057.842967,36,,,,,,,,,,,,,,,,,,,,,,,,,,,,,,,
31745446,31747007,1058.1815,1058.233533,36,,,,,,,,,,,,,,,,,,,,,,,,,,,,,,,
31794771,31801942,1059.825667,1060.0647,36,,,,,,,,,,,,,,,,,,,,,,,,,,,,,,,
31819630,31831033,1060.6543,1061.0344,36,38,,,,,,,,,,,,,,,,,,,,,,,,,,,,,,
31846904,31870853,1061.563433,1062.361733,20,28,30,32,34,36,38,40,,,,,,,,,,,,,,,,,,,,,,,,
31928162,31932159,1064.272033,1064.405267,36,,,,,,,,,,,,,,,,,,,,,,,,,,,,,,,
31946170,31949898,1064.8723,1064.996567,36,,,,,,,,,,,,,,,,,,,,,,,,,,,,,,,
31960025,31962442,1065.334133,1065.4147,26,28,30,32,34,36,38,40,42,50,52,54,56,,,,,,,,,,,,,,,,,,,
31971679,31977974,1065.7226,1065.932433,20,22,24,26,28,30,32,34,36,38,40,42,,,,,,,,,,,,,,,,,,,,
32045719,32046931,1068.1906,1068.231,28,30,32,34,36,38,,,,,,,,,,,,,,,,,,,,,,,,,,
32066791,32072628,1068.893,1069.087567,34,36,38,40,50,52,54,,,,,,,,,,,,,,,,,,,,,,,,,
32474007,32474871,1082.466867,1082.495667,36,,,,,,,,,,,,,,,,,,,,,,,,,,,,,,,
32627581,32638054,1087.586,1087.9351,36,38,,,,,,,,,,,,,,,,,,,,,,,,,,,,,,
32724455,32725606,1090.815133,1090.8535,36,,,,,,,,,,,,,,,,,,,,,,,,,,,,,,,
32807646,32815722,1093.588167,1093.857367,36,,,,,,,,,,,,,,,,,,,,,,,,,,,,,,,
32926352,32927406,1097.545033,1097.580167,36,,,,,,,,,,,,,,,,,,,,,,,,,,,,,,,
32948506,32949312,1098.2835,1098.310367,36,,,,,,,,,,,,,,,,,,,,,,,,,,,,,,,
32996307,33013257,1099.876867,1100.441867,28,30,32,34,36,38,,,,,,,,,,,,,,,,,,,,,,,,,,
33229746,33242560,1107.658167,1108.0853,36,38,54,,,,,,,,,,,,,,,,,,,,,,,,,,,,,
33255100,33257989,1108.5033,1108.5996,20,26,28,30,32,36,,,,,,,,,,,,,,,,,,,,,,,,,,
33270804,33271992,1109.026767,1109.066367,36,,,,,,,,,,,,,,,,,,,,,,,,,,,,,,,
33283431,33284280,1109.447667,1109.475967,36,,,,,,,,,,,,,,,,,,,,,,,,,,,,,,,
33346215,33351161,1111.540467,1111.705333,20,28,30,36,38,,,,,,,,,,,,,,,,,,,,,,,,,,,
33378768,33380110,1112.625567,1112.6703,28,36,,,,,,,,,,,,,,,,,,,,,,,,,,,,,,
33472149,33482895,1115.738267,1116.096467,28,36,38,,,,,,,,,,,,,,,,,,,,,,,,,,,,,
33567631,33576587,1118.921,1119.219533,20,28,36,,,,,,,,,,,,,,,,,,,,,,,,,,,,,
33604692,33605453,1120.156367,1120.181733,36,,,,,,,,,,,,,,,,,,,,,,,,,,,,,,,
33665432,33669737,1122.181033,1122.324533,20,28,30,36,,,,,,,,,,,,,,,,,,,,,,,,,,,,
33686109,33697282,1122.870267,1123.2427,20,36,,,,,,,,,,,,,,,,,,,,,,,,,,,,,,
33730034,33760459,1124.334433,1125.3486,20,22,28,30,32,36,38,,,,,,,,,,,,,,,,,,,,,,,,,
33851854,33867339,1128.3951,1128.911267,36,,,,,,,,,,,,,,,,,,,,,,,,,,,,,,,
33883744,33888678,1129.4581,1129.622567,20,22,28,30,36,,,,,,,,,,,,,,,,,,,,,,,,,,,
33943799,33945030,1131.459933,1131.500967,36,38,,,,,,,,,,,,,,,,,,,,,,,,,,,,,,
33975498,33988562,1132.516567,1132.952033,20,22,24,28,30,32,36,54,56,,,,,,,,,,,,,,,,,,,,,,,
34020586,34026576,1134.0195,1134.219167,36,,,,,,,,,,,,,,,,,,,,,,,,,,,,,,,
34047506,34053389,1134.916833,1135.112933,36,,,,,,,,,,,,,,,,,,,,,,,,,,,,,,,
34072036,34076386,1135.7345,1135.8795,20,28,30,36,,,,,,,,,,,,,,,,,,,,,,,,,,,,
34134421,34138774,1137.814,1137.9591,36,,,,,,,,,,,,,,,,,,,,,,,,,,,,,,,
34193019,34196632,1139.767267,1139.8877,36,,,,,,,,,,,,,,,,,,,,,,,,,,,,,,,
34234030,34235190,1141.1343,1141.172967,36,52,54,,,,,,,,,,,,,,,,,,,,,,,,,,,,,
34246871,34258134,1141.562333,1141.937767,20,28,30,36,,,,,,,,,,,,,,,,,,,,,,,,,,,,
34296112,34306499,1143.2037,1143.549933,28,30,32,34,36,38,,,,,,,,,,,,,,,,,,,,,,,,,,
34345971,34347004,1144.865667,1144.9001,36,,,,,,,,,,,,,,,,,,,,,,,,,,,,,,,
34370451,34377683,1145.681667,1145.922733,20,22,24,26,28,30,32,36,38,,,,,,,,,,,,,,,,,,,,,,,
34448454,34455791,1148.281767,1148.526333,36,,,,,,,,,,,,,,,,,,,,,,,,,,,,,,,
34470354,34489014,1149.011767,1149.633767,20,28,34,36,38,40,42,,,,,,,,,,,,,,,,,,,,,,,,,
34572949,34577744,1152.4316,1152.591433,36,,,,,,,,,,,,,,,,,,,,,,,,,,,,,,,
34601305,34633519,1153.3768,1154.4506,20,28,36,,,,,,,,,,,,,,,,,,,,,,,,,,,,,
34703954,34705148,1156.798433,1156.838233,36,,,,,,,,,,,,,,,,,,,,,,,,,,,,,,,
34740499,34750657,1158.0166,1158.3552,20,24,28,30,36,,,,,,,,,,,,,,,,,,,,,,,,,,,
34817876,34823792,1160.595833,1160.793033,20,28,30,36,38,,,,,,,,,,,,,,,,,,,,,,,,,,,
34878764,34880047,1162.625433,1162.6682,28,36,,,,,,,,,,,,,,,,,,,,,,,,,,,,,,
34952744,34960677,1165.091433,1165.355867,20,28,30,36,,,,,,,,,,,,,,,,,,,,,,,,,,,,
35021458,35035119,1167.3819,1167.837267,28,30,32,34,36,38,,,,,,,,,,,,,,,,,,,,,,,,,,
35060883,35062009,1168.696067,1168.7336,36,38,,,,,,,,,,,,,,,,,,,,,,,,,,,,,,
35089812,35098969,1169.660367,1169.9656,20,22,24,26,28,30,36,,,,,,,,,,,,,,,,,,,,,,,,,
35134184,35137225,1171.139433,1171.2408,36,,,,,,,,,,,,,,,,,,,,,,,,,,,,,,,
35161649,35188017,1172.054933,1172.933867,30,32,34,36,38,40,42,,,,,,,,,,,,,,,,,,,,,,,,,
35214338,35222560,1173.811233,1174.0853,20,28,30,32,36,,,,,,,,,,,,,,,,,,,,,,,,,,,
35269944,35278306,1175.664767,1175.9435,36,,,,,,,,,,,,,,,,,,,,,,,,,,,,,,,
35292971,35300609,1176.432333,1176.686933,28,30,32,34,36,,,,,,,,,,,,,,,,,,,,,,,,,,,
35327201,35340817,1177.573333,1178.0272,28,30,32,34,36,38,40,,,,,,,,,,,,,,,,,,,,,,,,,
35400802,35406242,1180.0267,1180.208033,28,30,36,,,,,,,,,,,,,,,,,,,,,,,,,,,,,
35512870,35513699,1183.7623,1183.789933,36,,,,,,,,,,,,,,,,,,,,,,,,,,,,,,,
35557804,35565290,1185.2601,1185.509633,20,28,30,36,,,,,,,,,,,,,,,,,,,,,,,,,,,,
35634656,35635806,1187.821833,1187.860167,36,,,,,,,,,,,,,,,,,,,,,,,,,,,,,,,
35649434,35656668,1188.314433,1188.555567,20,28,32,34,36,38,40,,,,,,,,,,,,,,,,,,,,,,,,,
35729322,35738013,1190.977367,1191.267067,36,,,,,,,,,,,,,,,,,,,,,,,,,,,,,,,
35757144,35767770,1191.904767,1192.258967,28,30,36,38,,,,,,,,,,,,,,,,,,,,,,,,,,,,
35814467,35835225,1193.815533,1194.507467,36,,,,,,,,,,,,,,,,,,,,,,,,,,,,,,,
35856869,35865989,1195.228933,1195.532933,30,36,38,,,,,,,,,,,,,,,,,,,,,,,,,,,,,
35887495,35895922,1196.2498,1196.5307,20,28,30,36,38,,,,,,,,,,,,,,,,,,,,,,,,,,,
36031463,36040393,1201.048733,1201.3464,20,24,28,30,36,38,,,,,,,,,,,,,,,,,,,,,,,,,,
36106308,36107215,1203.543567,1203.5738,36,,,,,,,,,,,,,,,,,,,,,,,,,,,,,,,
36126173,36132044,1204.205733,1204.401433,20,28,30,32,36,,,,,,,,,,,,,,,,,,,,,,,,,,,
36187860,36189055,1206.261967,1206.3018,36,,,,,,,,,,,,,,,,,,,,,,,,,,,,,,,
36200360,36218804,1206.678633,1207.293433,20,28,30,32,34,36,38,40,,,,,,,,,,,,,,,,,,,,,,,,
36291037,36293571,1209.7012,1209.785667,20,28,30,36,,,,,,,,,,,,,,,,,,,,,,,,,,,,
36360874,36365090,1212.0291,1212.169633,28,30,32,34,36,38,40,42,44,46,50,,,,,,,,,,,,,,,,,,,,,
36389649,36390563,1212.988267,1213.018733,36,,,,,,,,,,,,,,,,,,,,,,,,,,,,,,,
36412487,36414617,1213.749533,1213.820533,20,28,,,,,,,,,,,,,,,,,,,,,,,,,,,,,,
36485397,36489472,1216.179867,1216.3157,36,,,,,,,,,,,,,,,,,,,,,,,,,,,,,,,
36502784,36510200,1216.759433,1217.006633,28,36,,,,,,,,,,,,,,,,,,,,,,,,,,,,,,
36583779,36587286,1219.459267,1219.576167,36,,,,,,,,,,,,,,,,,,,,,,,,,,,,,,,
36608864,36613011,1220.295433,1220.433667,18,20,22,24,26,28,30,32,36,38,50,52,58,64,,,,,,,,,,,,,,,,,,
36692368,36694562,1223.0789,1223.152033,36,38,,,,,,,,,,,,,,,,,,,,,,,,,,,,,,
36716135,36718136,1223.871133,1223.937833,36,38,,,,,,,,,,,,,,,,,,,,,,,,,,,,,,
36765239,36774278,1225.507933,1225.809233,18,20,22,24,26,28,30,32,34,36,38,50,52,54,64,,,,,,,,,,,,,,,,,
36841004,36859260,1228.033433,1228.641967,20,28,30,36,,,,,,,,,,,,,,,,,,,,,,,,,,,,
36964166,36965484,1232.138833,1232.182767,30,36,,,,,,,,,,,,,,,,,,,,,,,,,,,,,,
37013465,37025654,1233.782133,1234.188433,20,28,30,32,36,,,,,,,,,,,,,,,,,,,,,,,,,,,
37077642,37093748,1235.921367,1236.458233,20,28,30,36,38,,,,,,,,,,,,,,,,,,,,,,,,,,,
37155936,37156785,1238.531167,1238.559467,36,38,,,,,,,,,,,,,,,,,,,,,,,,,,,,,,
37165791,37210012,1238.859667,1240.3337,20,26,28,30,32,34,36,38,40,42,44,46,48,50,52,54,56,58,60,,,,,,,,,,,,,
37248868,37250068,1241.6289,1241.6689,28,30,36,38,44,46,48,50,52,54,,,,,,,,,,,,,,,,,,,,,,
37293877,37308301,1243.1292,1243.61,18,20,22,24,26,28,30,32,34,36,38,40,42,52,54,56,,,,,,,,,,,,,,,,
37380279,37381244,1246.009267,1246.041433,36,38,,,,,,,,,,,,,,,,,,,,,,,,,,,,,,
37402042,37406525,1246.7347,1246.884133,36,,,,,,,,,,,,,,,,,,,,,,,,,,,,,,,
37429759,37438623,1247.6586,1247.954067,36,38,,,,,,,,,,,,,,,,,,,,,,,,,,,,,,
37462218,37467754,1248.740567,1248.9251,30,36,,,,,,,,,,,,,,,,,,,,,,,,,,,,,,
37557892,37571755,1251.9297,1252.3918,28,36,,,,,,,,,,,,,,,,,,,,,,,,,,,,,,
37623322,37624106,1254.1107,1254.136833,36,,,,,,,,,,,,,,,,,,,,,,,,,,,,,,,
37699957,37701508,1256.6652,1256.7169,36,,,,,,,,,,,,,,,,,,,,,,,,,,,,,,,
37752509,37753320,1258.416933,1258.443967,36,,,,,,,,,,,,,,,,,,,,,,,,,,,,,,,
37793800,37795704,1259.7933,1259.856767,36,,,,,,,,,,,,,,,,,,,,,,,,,,,,,,,
37892753,37894017,1263.091733,1263.133867,30,36,38,,,,,,,,,,,,,,,,,,,,,,,,,,,,,
37941228,37942643,1264.707567,1264.754733,36,38,,,,,,,,,,,,,,,,,,,,,,,,,,,,,,
37964958,37966168,1265.498567,1265.5389,36,,,,,,,,,,,,,,,,,,,,,,,,,,,,,,,
37982741,37987437,1266.091333,1266.247867,28,36,38,,,,,,,,,,,,,,,,,,,,,,,,,,,,,
38043870,38051063,1268.128967,1268.368733,36,38,,,,,,,,,,,,,,,,,,,,,,,,,,,,,,
38080424,38083485,1269.347433,1269.449467,30,36,38,,,,,,,,,,,,,,,,,,,,,,,,,,,,,
38312715,38315856,1277.090467,1277.195167,36,38,,,,,,,,,,,,,,,,,,,,,,,,,,,,,,
38347815,38356385,1278.260467,1278.546133,20,28,36,,,,,,,,,,,,,,,,,,,,,,,,,,,,,
38447534,38448476,1281.584433,1281.615833,28,36,,,,,,,,,,,,,,,,,,,,,,,,,,,,,,
38460735,38462625,1282.024467,1282.087467,20,28,30,36,38,,,,,,,,,,,,,,,,,,,,,,,,,,,
38479921,38481016,1282.664,1282.7005,28,36,38,,,,,,,,,,,,,,,,,,,,,,,,,,,,,
38524606,38526174,1284.1535,1284.205767,20,28,30,36,,,,,,,,,,,,,,,,,,,,,,,,,,,,
38567836,38568836,1285.5945,1285.627833,36,,,,,,,,,,,,,,,,,,,,,,,,,,,,,,,
38579634,38580969,1285.987767,1286.032267,20,28,30,36,,,,,,,,,,,,,,,,,,,,,,,,,,,,
38632426,38635377,1287.7475,1287.845867,36,38,,,,,,,,,,,,,,,,,,,,,,,,,,,,,,
38646610,38648700,1288.2203,1288.289967,20,22,28,30,32,36,,,,,,,,,,,,,,,,,,,,,,,,,,
38764252,38766312,1292.1417,1292.210367,20,22,28,30,32,34,36,38,40,42,,,,,,,,,,,,,,,,,,,,,,
38879877,38880743,1295.995867,1296.024733,36,,,,,,,,,,,,,,,,,,,,,,,,,,,,,,,
38901214,38902941,1296.7071,1296.764667,28,30,,,,,,,,,,,,,,,,,,,,,,,,,,,,,,
38949337,38956507,1298.3112,1298.5502,36,38,,,,,,,,,,,,,,,,,,,,,,,,,,,,,,
38980729,38989659,1299.3576,1299.655267,34,36,38,40,42,,,,,,,,,,,,,,,,,,,,,,,,,,,
39004166,39005936,1300.138833,1300.197833,20,22,24,26,28,30,32,34,36,38,40,42,44,46,48,50,,,,,,,,,,,,,,,,
39054231,39072491,1301.807667,1302.416333,34,36,38,,,,,,,,,,,,,,,,,,,,,,,,,,,,,
39081982,39086851,1302.7327,1302.895,20,22,24,26,28,30,32,36,,,,,,,,,,,,,,,,,,,,,,,,
39099373,39100394,1303.3124,1303.346433,36,38,,,,,,,,,,,,,,,,,,,,,,,,,,,,,,
39123357,39126949,1304.111867,1304.2316,28,32,36,38,,,,,,,,,,,,,,,,,,,,,,,,,,,,
39198258,39199389,1306.608567,1306.646267,36,,,,,,,,,,,,,,,,,,,,,,,,,,,,,,,
39227424,39235950,1307.580767,1307.864967,20,28,30,32,36,38,,,,,,,,,,,,,,,,,,,,,,,,,,
39376261,39393723,1312.542,1313.124067,32,34,36,38,40,,,,,,,,,,,,,,,,,,,,,,,,,,,
39445654,39456172,1314.8551,1315.2057,20,22,24,26,28,30,32,34,36,38,40,42,44,50,58,64,,,,,,,,,,,,,,,,
39551448,39571796,1318.381567,1319.059833,16,18,20,22,24,26,28,30,32,34,36,38,40,42,44,46,50,52,58,,,,,,,,,,,,,
39602984,39607743,1320.099433,1320.258067,20,22,24,26,28,30,32,36,38,50,,,,,,,,,,,,,,,,,,,,,,
39656198,39659132,1321.873233,1321.971033,20,22,24,28,30,32,36,38,40,42,,,,,,,,,,,,,,,,,,,,,,
39722556,39736299,1324.085167,1324.543267,22,26,28,30,32,34,36,38,40,42,44,46,48,50,52,54,,,,,,,,,,,,,,,,
39750748,39757372,1325.0249,1325.2457,10,18,20,22,24,26,28,30,32,34,36,38,40,42,44,46,48,50,52,54,56,58,64,,,,,,,,,
39818358,39827999,1327.278567,1327.599933,20,28,30,36,38,,,,,,,,,,,,,,,,,,,,,,,,,,,
39886903,39888369,1329.5634,1329.612267,36,38,,,,,,,,,,,,,,,,,,,,,,,,,,,,,,
39936737,39942215,1331.224533,1331.407133,18,20,22,24,26,28,30,32,34,36,38,40,42,44,46,50,52,58,64,,,,,,,,,,,,,
39984429,40009946,1332.814267,1333.664833,20,22,26,28,30,32,34,36,38,,,,,,,,,,,,,,,,,,,,,,,
40092198,40094396,1336.406567,1336.479833,20,22,28,30,32,34,36,38,40,52,,,,,,,,,,,,,,,,,,,,,,
40140219,40148274,1338.007267,1338.275767,34,36,38,,,,,,,,,,,,,,,,,,,,,,,,,,,,,
40165899,40171245,1338.863267,1339.041467,18,20,22,24,28,30,32,36,38,50,,,,,,,,,,,,,,,,,,,,,,
40274596,40275516,1342.4865,1342.517167,36,,,,,,,,,,,,,,,,,,,,,,,,,,,,,,,
40286242,40290932,1342.8747,1343.031033,20,22,28,30,32,36,,,,,,,,,,,,,,,,,,,,,,,,,,
40310773,40311652,1343.6924,1343.7217,20,22,28,30,32,,,,,,,,,,,,,,,,,,,,,,,,,,,
40359309,40368877,1345.310267,1345.6292,18,20,22,24,26,28,30,32,36,38,50,58,,,,,,,,,,,,,,,,,,,,
40432393,40436354,1347.7464,1347.878433,20,22,24,26,28,30,32,36,38,,,,,,,,,,,,,,,,,,,,,,,
40484050,40499844,1349.4683,1349.994767,36,,,,,,,,,,,,,,,,,,,,,,,,,,,,,,,
40513817,40525092,1350.460533,1350.836367,18,20,22,24,26,28,30,32,34,36,38,40,42,44,50,58,64,,,,,,,,,,,,,,,
40546051,40548714,1351.535,1351.623767,20,28,30,,,,,,,,,,,,,,,,,,,,,,,,,,,,,
40621754,40652895,1354.058433,1355.096467,32,36,,,,,,,,,,,,,,,,,,,,,,,,,,,,,,
40662879,40665750,1355.429267,1355.524967,20,22,24,26,28,30,32,36,38,,,,,,,,,,,,,,,,,,,,,,,
40756127,40761215,1358.537533,1358.707133,18,20,22,24,26,28,30,32,34,36,38,40,58,64,,,,,,,,,,,,,,,,,,
40847154,40848091,1361.571767,1361.603,30,36,,,,,,,,,,,,,,,,,,,,,,,,,,,,,,
40955717,40959846,1365.190533,1365.328167,36,38,,,,,,,,,,,,,,,,,,,,,,,,,,,,,,
41042545,41051031,1368.0848,1368.367667,36,38,,,,,,,,,,,,,,,,,,,,,,,,,,,,,,
41069261,41085401,1368.975333,1369.513333,2,8,10,12,14,16,18,20,22,24,26,28,30,32,34,36,38,40,42,44,46,48,50,52,54,56,58,60,62,64,,
41159649,41167610,1371.988267,1372.253633,16,18,20,22,24,26,28,30,32,34,36,38,40,42,44,46,48,50,52,54,56,58,62,64,,,,,,,,
41251378,41267098,1375.0459,1375.5699,2,4,6,8,10,12,14,16,18,20,22,24,26,28,30,32,34,36,38,40,42,44,46,48,50,52,54,56,58,60,62,64
41339134,41347502,1377.9711,1378.250033,18,20,22,24,26,28,30,32,34,36,38,40,42,46,48,50,58,64,,,,,,,,,,,,,,
41399462,41409600,1379.982033,1380.319967,20,24,26,28,30,32,36,38,42,,,,,,,,,,,,,,,,,,,,,,,
41438099,41444476,1381.269933,1381.4825,20,28,30,36,38,40,,,,,,,,,,,,,,,,,,,,,,,,,,
41485019,41486158,1382.833933,1382.8719,36,38,,,,,,,,,,,,,,,,,,,,,,,,,,,,,,
41499225,41519969,1383.307467,1383.998933,20,22,24,26,28,30,32,34,36,38,40,42,44,46,50,,,,,,,,,,,,,,,,,
41536471,41539867,1384.549,1384.6622,20,28,30,32,36,,,,,,,,,,,,,,,,,,,,,,,,,,,
41589064,41597479,1386.3021,1386.5826,2,4,6,8,10,12,14,16,18,20,22,24,26,28,30,32,34,36,38,40,42,44,46,48,50,52,54,56,58,60,62,64
41656637,41658296,1388.554533,1388.609833,24,26,28,30,32,34,36,38,40,42,,,,,,,,,,,,,,,,,,,,,,
41703196,41711937,1390.1065,1390.397867,20,22,24,28,30,32,36,38,,,,,,,,,,,,,,,,,,,,,,,,
41766416,41782426,1392.213833,1392.7475,20,24,26,28,30,32,34,36,38,40,42,44,,,,,,,,,,,,,,,,,,,,
41864302,41876690,1395.4767,1395.889633,18,20,22,24,26,28,30,32,34,36,38,40,42,44,50,52,64,,,,,,,,,,,,,,,
41937121,41942718,1397.904,1398.090567,18,20,22,24,26,28,30,32,34,36,38,40,42,44,46,48,50,52,54,56,58,60,62,64,,,,,,,,
41996676,42004829,1399.889167,1400.160933,2,10,16,18,20,22,24,26,28,30,32,34,36,38,40,42,44,48,50,52,54,56,58,60,62,64,,,,,,
42043585,42044576,1401.4528,1401.485833,36,38,,,,,,,,,,,,,,,,,,,,,,,,,,,,,,
42062306,42066593,1402.076833,1402.219733,20,24,28,30,32,34,36,38,,,,,,,,,,,,,,,,,,,,,,,,
42114166,42120466,1403.8055,1404.0155,20,22,24,28,30,32,36,38,42,,,,,,,,,,,,,,,,,,,,,,,
42150624,42154855,1405.020767,1405.1618,20,28,30,,,,,,,,,,,,,,,,,,,,,,,,,,,,,
42214100,42229724,1407.136633,1407.657433,18,20,22,24,28,30,32,36,38,50,64,,,,,,,,,,,,,,,,,,,,,
42277673,42299226,1409.255733,1409.974167,18,20,22,28,30,32,34,36,38,40,54,,,,,,,,,,,,,,,,,,,,,
42354541,42356539,1411.818,1411.8846,20,28,30,32,36,38,,,,,,,,,,,,,,,,,,,,,,,,,,
42413873,42414698,1413.795733,1413.823233,36,38,,,,,,,,,,,,,,,,,,,,,,,,,,,,,,
42847392,42848435,1428.246367,1428.281133,30,36,,,,,,,,,,,,,,,,,,,,,,,,,,,,,,
43021602,43022711,1434.053367,1434.090333,36,,,,,,,,,,,,,,,,,,,,,,,,,,,,,,,
43096983,43108011,1436.566067,1436.933667,20,28,30,36,38,,,,,,,,,,,,,,,,,,,,,,,,,,,
43120513,43121303,1437.3504,1437.376733,20,28,30,36,,,,,,,,,,,,,,,,,,,,,,,,,,,,
43193623,43202761,1439.7874,1440.092,28,30,36,38,,,,,,,,,,,,,,,,,,,,,,,,,,,,
43219874,43221989,1440.662433,1440.732933,28,36,,,,,,,,,,,,,,,,,,,,,,,,,,,,,,
43258665,43279143,1441.955467,1442.638067,20,28,30,36,38,,,,,,,,,,,,,,,,,,,,,,,,,,,
43369023,43369851,1445.634067,1445.661667,36,,,,,,,,,,,,,,,,,,,,,,,,,,,,,,,
43378956,43380606,1445.965167,1446.020167,20,28,,,,,,,,,,,,,,,,,,,,,,,,,,,,,,
43406179,43417303,1446.8726,1447.2434,28,30,36,,,,,,,,,,,,,,,,,,,,,,,,,,,,,
43451213,43457033,1448.373733,1448.567733,18,20,22,24,28,30,32,36,50,58,,,,,,,,,,,,,,,,,,,,,,
43503622,43509827,1450.1207,1450.327533,6,8,10,12,14,16,18,20,22,24,26,28,30,32,34,36,38,40,42,44,46,48,50,52,54,56,58,60,62,64,,
43567361,43572828,1452.245333,1452.427567,20,22,24,28,30,32,36,50,,,,,,,,,,,,,,,,,,,,,,,,
44071579,44082232,1469.0526,1469.4077,16,18,20,22,24,26,28,30,32,34,36,38,40,42,44,48,50,52,58,62,64,,,,,,,,,,,
44151946,44160307,1471.7315,1472.0102,2,10,12,14,16,18,20,22,24,26,28,30,32,34,36,38,40,42,44,46,48,50,52,54,56,58,62,64,,,,
44221251,44222376,1474.041667,1474.079167,36,,,,,,,,,,,,,,,,,,,,,,,,,,,,,,,
44237970,44244693,1474.598967,1474.823067,20,24,28,30,32,36,38,,,,,,,,,,,,,,,,,,,,,,,,,
44277054,44282764,1475.901767,1476.0921,20,22,28,30,32,,,,,,,,,,,,,,,,,,,,,,,,,,,
44566454,44567630,1485.548433,1485.587633,36,38,,,,,,,,,,,,,,,,,,,,,,,,,,,,,,
44608598,44610012,1486.953233,1487.000367,26,28,30,36,,,,,,,,,,,,,,,,,,,,,,,,,,,,
44837208,44847259,1494.573567,1494.9086,2,6,8,10,12,14,16,18,20,22,24,26,28,30,32,34,36,38,40,42,44,46,48,50,52,54,56,58,60,62,64,
44872601,44879427,1495.753333,1495.980867,20,30,32,36,,,,,,,,,,,,,,,,,,,,,,,,,,,,
44914826,44916737,1497.160833,1497.224533,20,28,30,,,,,,,,,,,,,,,,,,,,,,,,,,,,,
45159141,45170358,1505.304667,1505.678567,20,22,24,28,30,32,34,36,38,40,50,,,,,,,,,,,,,,,,,,,,,
45238790,45255804,1507.959633,1508.526767,10,18,20,22,24,26,28,30,32,34,36,38,40,42,44,46,48,50,52,54,58,62,64,,,,,,,,,
45314643,45315735,1510.488067,1510.524467,36,,,,,,,,,,,,,,,,,,,,,,,,,,,,,,,
45337333,45352393,1511.2444,1511.7464,36,38,,,,,,,,,,,,,,,,,,,,,,,,,,,,,,
45393748,45412414,1513.1249,1513.7471,2,4,6,8,10,12,14,16,18,20,22,24,26,28,30,32,34,36,38,40,42,44,46,48,50,52,54,56,58,60,62,64
45494568,45509078,1516.485567,1516.969233,2,4,6,8,10,12,14,16,18,20,22,24,26,28,30,32,34,36,38,40,42,44,46,48,50,52,54,56,58,60,62,64
45662648,45663849,1522.088233,1522.128267,28,36,38,,,,,,,,,,,,,,,,,,,,,,,,,,,,,
45677550,45688495,1522.584967,1522.9498,20,22,28,30,32,36,,,,,,,,,,,,,,,,,,,,,,,,,,
45722799,45728017,1524.093267,1524.2672,18,20,22,24,26,28,30,32,34,36,38,40,50,,,,,,,,,,,,,,,,,,,
45799180,45802919,1526.6393,1526.763933,20,28,30,,,,,,,,,,,,,,,,,,,,,,,,,,,,,
45852783,45854461,1528.426067,1528.482,20,22,24,26,28,30,32,36,38,42,50,,,,,,,,,,,,,,,,,,,,,
45927892,45937732,1530.9297,1531.2577,6,8,12,14,16,18,20,22,24,26,28,30,32,34,36,38,40,42,44,46,48,50,52,54,58,62,64,,,,,
45965765,45966658,1532.192133,1532.2219,20,28,30,,,,,,,,,,,,,,,,,,,,,,,,,,,,,
45996801,46001696,1533.226667,1533.389833,20,28,30,32,36,38,,,,,,,,,,,,,,,,,,,,,,,,,,
46468947,46483791,1548.964867,1549.459667,10,12,18,20,22,24,26,28,30,32,34,36,38,40,42,50,52,56,58,64,,,,,,,,,,,,
46596277,46616820,1553.2092,1553.893967,2,4,6,8,10,12,14,16,18,20,22,24,26,28,30,32,34,36,38,40,42,44,46,48,50,52,54,56,58,60,62,64
46675120,46689654,1555.8373,1556.321767,2,6,8,10,12,14,16,18,20,22,24,26,28,30,32,34,36,38,40,42,44,46,48,50,52,54,56,58,60,62,64,
46757827,46766990,1558.5942,1558.899633,2,4,6,8,10,12,14,16,18,20,22,24,26,28,30,32,34,36,38,40,42,44,46,48,50,52,54,56,58,60,62,64
46835819,46845598,1561.193933,1561.5199,16,18,20,22,24,26,28,30,32,34,36,38,40,42,48,50,52,54,58,62,64,,,,,,,,,,,
46909857,46920115,1563.661867,1564.0038,2,6,8,10,12,14,16,18,20,22,24,26,28,30,32,34,36,38,40,42,44,46,48,50,52,54,56,58,60,62,64,
47008161,47015968,1566.938667,1567.1989,28,30,32,34,36,38,,,,,,,,,,,,,,,,,,,,,,,,,,
47030973,47044566,1567.699067,1568.152167,8,12,14,16,18,20,22,24,26,28,30,32,34,36,38,40,42,44,46,48,50,52,54,56,58,62,64,,,,,
47101942,47102885,1570.0647,1570.096133,36,,,,,,,,,,,,,,,,,,,,,,,,,,,,,,,
47128029,47141558,1570.934267,1571.385233,2,12,14,16,18,20,22,24,26,28,30,32,34,36,38,40,42,44,46,48,50,52,54,56,58,60,62,64,,,,
47192097,47197896,1573.069867,1573.263167,18,20,22,24,28,30,32,38,48,50,52,58,62,64,,,,,,,,,,,,,,,,,,
47229941,47234336,1574.331333,1574.477833,20,22,28,30,32,,,,,,,,,,,,,,,,,,,,,,,,,,,
47260303,47265165,1575.3434,1575.505467,20,22,28,30,32,,,,,,,,,,,,,,,,,,,,,,,,,,,
47304545,47308884,1576.818133,1576.962767,18,20,22,24,28,30,32,34,36,38,40,42,44,46,48,50,52,64,,,,,,,,,,,,,,
47350237,47366280,1578.3412,1578.875967,10,12,14,16,18,20,22,24,26,28,30,32,34,36,38,40,42,44,46,48,50,52,56,58,60,62,64,,,,,
47427453,47435743,1580.915067,1581.1914,2,8,10,12,14,16,18,20,22,24,26,28,30,32,34,36,38,40,42,44,46,48,50,52,54,56,58,60,62,64,,
47477341,47488383,1582.578,1582.946067,36,,,,,,,,,,,,,,,,,,,,,,,,,,,,,,,
47502427,47511519,1583.4142,1583.717267,2,6,8,10,12,14,16,18,20,22,24,26,28,30,32,34,36,38,40,42,44,46,48,50,52,54,56,58,60,62,64,
47543677,47554319,1584.7892,1585.143933,16,18,20,22,24,26,28,30,32,34,36,38,40,42,44,46,50,52,58,64,,,,,,,,,,,,
47621441,47665968,1587.381333,1588.865567,4,6,8,10,12,14,16,18,20,22,24,26,28,30,32,34,36,38,40,42,44,46,48,50,52,54,56,58,60,62,64,
47729680,47747666,1590.9893,1591.588833,2,6,8,10,12,14,16,18,20,22,24,26,28,30,32,34,36,38,40,42,44,46,48,50,52,54,56,58,60,62,64,
47789919,47800978,1592.997267,1593.3659,30,34,36,38,,,,,,,,,,,,,,,,,,,,,,,,,,,,
47818887,47819712,1593.962867,1593.990367,36,,,,,,,,,,,,,,,,,,,,,,,,,,,,,,,
47832569,47841707,1594.418933,1594.723533,18,20,22,24,28,30,32,34,36,38,40,42,50,52,,,,,,,,,,,,,,,,,,
47906666,47916936,1596.888833,1597.231167,2,4,6,8,10,12,14,16,18,20,22,24,26,28,30,32,34,36,38,40,42,44,46,48,50,52,54,56,58,60,62,64
47946953,47954523,1598.231733,1598.484067,12,18,20,22,24,26,28,30,32,36,38,48,50,52,64,,,,,,,,,,,,,,,,,
48018064,48019072,1600.6021,1600.6357,36,,,,,,,,,,,,,,,,,,,,,,,,,,,,,,,
48043450,48055861,1601.4483,1601.862,2,4,6,8,10,12,14,16,18,20,22,24,26,28,30,32,34,36,38,40,42,44,46,48,50,52,54,56,58,60,62,64
48076362,48080773,1602.545367,1602.6924,20,28,30,36,38,,,,,,,,,,,,,,,,,,,,,,,,,,,
48125775,48126983,1604.192467,1604.232733,34,36,38,40,,,,,,,,,,,,,,,,,,,,,,,,,,,,
48140387,48148758,1604.679533,1604.958567,18,20,22,24,26,28,30,32,36,38,50,52,,,,,,,,,,,,,,,,,,,,
48219271,48226154,1607.309,1607.538433,2,4,6,8,10,12,14,16,18,20,22,24,26,28,30,32,34,36,38,40,42,44,46,48,50,52,54,56,58,60,62,64
48295670,48309110,1609.855633,1610.303633,12,16,18,20,22,24,26,28,30,32,34,36,38,40,42,50,52,58,64,,,,,,,,,,,,,
48350764,48369930,1611.6921,1612.330967,12,16,18,20,22,24,26,28,30,32,36,38,48,50,52,58,64,,,,,,,,,,,,,,,
48451845,48487625,1615.061467,1616.254133,2,6,8,10,12,14,16,18,20,22,24,26,28,30,32,34,36,38,40,42,44,46,48,50,52,54,56,58,60,62,64,
48513609,48517055,1617.120267,1617.235133,20,28,30,,,,,,,,,,,,,,,,,,,,,,,,,,,,,
48577269,48599013,1619.242267,1619.967067,10,12,14,18,20,22,24,26,28,30,32,34,36,38,40,42,44,46,48,50,52,64,,,,,,,,,,
48657154,48664402,1621.9051,1622.1467,2,4,6,8,10,12,14,16,18,20,22,24,26,28,30,32,34,36,38,40,42,44,46,48,50,52,54,56,58,60,62,64
48722910,48727160,1624.096967,1624.238633,36,38,,,,,,,,,,,,,,,,,,,,,,,,,,,,,,
48737936,48755626,1624.597833,1625.1875,2,4,6,8,10,12,14,16,18,20,22,24,26,28,30,32,34,36,38,40,42,44,46,48,50,52,54,56,58,60,62,64
48814878,48823500,1627.162567,1627.449967,6,10,12,14,16,18,20,22,24,26,28,30,32,34,36,38,40,42,44,46,48,50,52,54,56,58,60,62,64,,,
48867997,48878160,1628.9332,1629.271967,36,,,,,,,,,,,,,,,,,,,,,,,,,,,,,,,
48896555,48913437,1629.885133,1630.447867,16,18,20,22,24,26,28,30,32,34,36,38,40,42,44,46,48,50,52,54,56,58,62,64,,,,,,,,
48992164,49005031,1633.0721,1633.501,18,20,22,24,28,30,32,34,36,38,50,,,,,,,,,,,,,,,,,,,,,
49061339,49062339,1635.377933,1635.411267,54,,,,,,,,,,,,,,,,,,,,,,,,,,,,,,,
49088169,49089530,1636.272267,1636.317633,36,38,,,,,,,,,,,,,,,,,,,,,,,,,,,,,,
49107261,49141767,1636.908667,1638.058867,20,22,24,26,28,30,32,34,36,38,40,44,46,48,50,52,54,56,58,,,,,,,,,,,,,
49151531,49185941,1638.384333,1639.531333,12,14,16,18,20,22,24,26,28,30,32,34,36,38,40,42,44,48,50,52,56,58,62,64,,,,,,,,
49237492,49244513,1641.2497,1641.483733,18,20,22,24,28,30,32,34,36,38,40,50,,,,,,,,,,,,,,,,,,,,
49298318,49306101,1643.277233,1643.536667,2,4,6,8,10,12,14,16,18,20,22,24,26,28,30,32,34,36,38,40,42,44,46,48,50,52,54,56,58,60,62,64
49342882,49354992,1644.7627,1645.166367,2,4,6,8,10,12,14,16,18,20,22,24,26,28,30,32,34,36,38,40,42,44,46,48,50,52,54,56,58,60,62,64
49398035,49398922,1646.601133,1646.6307,52,54,,,,,,,,,,,,,,,,,,,,,,,,,,,,,,
49418645,49419566,1647.288133,1647.318833,54,,,,,,,,,,,,,,,,,,,,,,,,,,,,,,,
49435791,49442776,1647.859667,1648.0925,2,4,6,8,10,12,14,16,18,20,22,24,26,28,30,32,34,36,38,40,42,44,46,48,50,52,54,56,58,60,62,64
49516062,49524821,1650.535367,1650.827333,2,4,6,8,10,12,14,16,18,20,22,24,26,28,30,32,34,36,38,40,42,44,46,48,50,52,54,56,58,60,62,64
49558251,49568444,1651.941667,1652.281433,36,,,,,,,,,,,,,,,,,,,,,,,,,,,,,,,
49620041,49624169,1654.001333,1654.138933,30,32,34,36,38,50,52,54,56,,,,,,,,,,,,,,,,,,,,,,,
49682939,49684103,1656.097933,1656.136733,36,38,,,,,,,,,,,,,,,,,,,,,,,,,,,,,,
49697080,49712735,1656.5693,1657.091133,2,4,6,8,10,12,14,16,18,20,22,24,26,28,30,32,34,36,38,40,42,44,46,48,50,52,54,56,58,60,62,64
49763977,49779491,1658.7992,1659.316333,2,6,8,10,12,14,16,18,20,22,24,26,28,30,32,34,36,38,40,42,44,46,48,50,52,54,56,58,60,62,64,
49838344,49843944,1661.2781,1661.464767,36,38,,,,,,,,,,,,,,,,,,,,,,,,,,,,,,
49860150,49881826,1662.004967,1662.7275,6,8,10,12,14,16,18,20,22,24,26,28,30,32,34,36,38,40,42,44,46,48,50,52,54,56,58,60,62,64,,
49940879,49945206,1664.695933,1664.840167,36,38,,,,,,,,,,,,,,,,,,,,,,,,,,,,,,
49963269,49970695,1665.442267,1665.6898,36,,,,,,,,,,,,,,,,,,,,,,,,,,,,,,,
49985863,50003303,1666.1954,1666.776733,2,4,6,8,10,12,14,16,18,20,22,24,26,28,30,32,34,36,38,40,42,44,46,48,50,52,54,56,58,60,62,64
50048653,50053386,1668.2884,1668.446167,36,38,40,,,,,,,,,,,,,,,,,,,,,,,,,,,,,
50077681,50122283,1669.256,1670.742733,2,6,8,10,12,14,16,18,20,22,24,26,28,30,32,34,36,38,40,42,44,46,48,50,52,54,56,58,60,62,64,
50184265,50208757,1672.8088,1673.6252,6,8,10,12,14,16,18,20,22,24,26,28,30,32,34,36,38,40,42,44,46,48,50,52,54,56,58,60,62,64,,
50267856,50268638,1675.595167,1675.621233,36,,,,,,,,,,,,,,,,,,,,,,,,,,,,,,,
50278810,50289739,1675.9603,1676.3246,6,16,18,20,22,24,26,28,30,32,34,36,38,40,42,44,46,48,50,52,54,56,58,64,,,,,,,,
50374952,50379864,1679.165033,1679.328767,20,22,26,28,30,32,36,50,54,56,,,,,,,,,,,,,,,,,,,,,,
50421351,50422316,1680.711667,1680.743833,36,,,,,,,,,,,,,,,,,,,,,,,,,,,,,,,
50443187,50444013,1681.439533,1681.467067,36,,,,,,,,,,,,,,,,,,,,,,,,,,,,,,,
50453988,50461984,1681.799567,1682.0661,18,20,22,24,26,28,30,32,34,36,38,40,42,46,50,,,,,,,,,,,,,,,,,
50564293,50565667,1685.4764,1685.5222,36,,,,,,,,,,,,,,,,,,,,,,,,,,,,,,,
50575936,50588869,1685.8645,1686.2956,20,22,24,26,28,30,32,34,36,38,40,42,,,,,,,,,,,,,,,,,,,,
50718676,50728470,1690.6225,1690.948967,36,38,,,,,,,,,,,,,,,,,,,,,,,,,,,,,,
50742233,50760949,1691.407733,1692.0316,12,18,20,22,24,26,28,30,32,34,36,38,40,42,46,48,50,52,58,62,64,,,,,,,,,,,
50799888,50810913,1693.329567,1693.697067,36,54,,,,,,,,,,,,,,,,,,,,,,,,,,,,,,
50833831,50840787,1694.461,1694.692867,2,6,8,10,12,14,16,18,20,22,24,26,28,30,32,34,36,38,40,42,44,46,48,50,52,54,56,58,60,62,64,
50921663,50923935,1697.388733,1697.464467,36,,,,,,,,,,,,,,,,,,,,,,,,,,,,,,,
50965748,50977666,1698.858233,1699.2555,36,,,,,,,,,,,,,,,,,,,,,,,,,,,,,,,
50991509,51002839,1699.716933,1700.0946,28,30,32,34,36,38,40,44,46,48,50,,,,,,,,,,,,,,,,,,,,,
51013901,51028315,1700.463333,1700.9438,20,22,24,26,28,30,32,34,36,38,40,42,50,,,,,,,,,,,,,,,,,,,
51041145,51049837,1701.371467,1701.6612,20,28,30,50,,,,,,,,,,,,,,,,,,,,,,,,,,,,
51068526,51072920,1702.284167,1702.430633,18,20,22,24,28,30,32,38,50,,,,,,,,,,,,,,,,,,,,,,,
51135627,51169018,1704.520867,1705.6339,36,38,,,,,,,,,,,,,,,,,,,,,,,,,,,,,,
51179199,51199644,1705.973267,1706.654767,18,20,22,24,26,28,30,32,34,36,38,40,42,44,46,48,50,52,58,64,,,,,,,,,,,,
51239823,51249255,1707.994067,1708.308467,36,,,,,,,,,,,,,,,,,,,,,,,,,,,,,,,
51268830,51277795,1708.960967,1709.2598,8,10,12,16,18,20,22,24,26,28,30,32,34,36,38,40,42,48,50,52,54,56,58,62,64,,,,,,,
51364786,51372340,1712.1595,1712.4113,30,32,34,36,38,40,42,,,,,,,,,,,,,,,,,,,,,,,,,
51382996,51383753,1712.7665,1712.791733,28,36,,,,,,,,,,,,,,,,,,,,,,,,,,,,,,
51432116,51441813,1714.403833,1714.727067,36,38,,,,,,,,,,,,,,,,,,,,,,,,,,,,,,
51486037,51496038,1716.2012,1716.534567,36,38,,,,,,,,,,,,,,,,,,,,,,,,,,,,,,
51508644,51509844,1716.954767,1716.994767,36,,,,,,,,,,,,,,,,,,,,,,,,,,,,,,,
51519581,51526198,1717.319333,1717.5399,30,32,34,36,38,50,52,,,,,,,,,,,,,,,,,,,,,,,,,
51544636,51560774,1718.1545,1718.692433,30,32,34,36,38,,,,,,,,,,,,,,,,,,,,,,,,,,,
51574152,51584460,1719.138367,1719.481967,20,22,28,30,32,34,36,50,,,,,,,,,,,,,,,,,,,,,,,,
51643465,51644660,1721.4488,1721.488633,36,38,40,,,,,,,,,,,,,,,,,,,,,,,,,,,,,
51656707,51673353,1721.8902,1722.445067,18,20,22,24,26,28,30,32,34,36,38,40,50,52,58,64,,,,,,,,,,,,,,,,
51860627,51863909,1728.687533,1728.796933,20,28,30,36,38,,,,,,,,,,,,,,,,,,,,,,,,,,,
51889219,51892300,1729.6406,1729.7433,20,22,28,30,32,36,50,,,,,,,,,,,,,,,,,,,,,,,,,
51950545,51959058,1731.6848,1731.968567,2,6,8,10,12,14,16,18,20,22,24,26,28,30,32,34,36,38,40,42,44,46,48,50,52,54,56,58,60,62,64,
52000082,52005263,1733.336033,1733.508733,20,28,,,,,,,,,,,,,,,,,,,,,,,,,,,,,,
52034182,52041726,1734.4727,1734.724167,20,22,28,30,32,36,38,50,,,,,,,,,,,,,,,,,,,,,,,,
52073150,52080215,1735.771633,1736.007133,18,20,22,24,26,28,30,32,34,36,38,40,42,44,50,52,64,,,,,,,,,,,,,,,
52174411,52183176,1739.147,1739.439167,2,4,6,8,10,12,14,16,18,20,22,24,26,28,30,32,34,36,38,40,42,44,46,48,50,52,54,56,58,60,62,64
52229243,52238721,1740.974733,1741.290667,2,6,8,10,12,14,16,18,20,22,24,26,28,30,32,34,36,38,40,42,44,46,48,50,52,54,56,58,60,62,64,
52285015,52291780,1742.8338,1743.0593,12,16,18,20,22,24,26,28,30,32,34,36,38,40,48,50,52,58,,,,,,,,,,,,,,
52331616,52337322,1744.387167,1744.577367,2,8,12,14,16,18,20,22,24,26,28,30,32,34,36,38,40,42,46,48,50,52,54,56,58,60,62,64,,,,
52400911,52407631,1746.697,1746.921,2,6,8,10,12,14,16,18,20,22,24,26,28,30,32,34,36,38,40,42,44,46,48,50,52,54,56,58,62,64,,
52489261,52490452,1749.642,1749.6817,36,38,,,,,,,,,,,,,,,,,,,,,,,,,,,,,,
52512318,52513561,1750.410567,1750.452,28,30,32,36,,,,,,,,,,,,,,,,,,,,,,,,,,,,
52534865,52539475,1751.162133,1751.3158,20,28,30,36,,,,,,,,,,,,,,,,,,,,,,,,,,,,
52607526,52627225,1753.584167,1754.2408,2,10,12,14,16,18,20,22,24,26,28,30,32,34,36,38,40,42,44,46,48,50,52,54,56,58,60,62,64,,,
52678433,52685439,1755.947733,1756.181267,10,12,14,18,20,22,24,26,28,30,32,34,36,38,42,44,46,48,50,52,54,58,62,64,,,,,,,,
52720939,52722063,1757.3646,1757.402067,36,,,,,,,,,,,,,,,,,,,,,,,,,,,,,,,
52735769,52746403,1757.858933,1758.2134,10,12,18,20,22,24,26,28,30,32,34,36,38,40,42,44,46,48,50,52,54,56,58,62,64,,,,,,,
52783553,52789866,1759.451733,1759.662167,18,20,22,24,28,30,32,36,38,50,64,,,,,,,,,,,,,,,,,,,,,
52842781,52849722,1761.426,1761.657367,8,10,12,14,16,18,20,22,24,26,28,30,32,34,36,38,40,42,44,46,48,50,52,54,56,58,60,62,64,,,
52895158,52902717,1763.1719,1763.423867,28,30,32,34,36,38,,,,,,,,,,,,,,,,,,,,,,,,,,
52919678,52921186,1763.989233,1764.0395,36,40,,,,,,,,,,,,,,,,,,,,,,,,,,,,,,
52937398,52947105,1764.5799,1764.903467,2,6,10,12,14,16,18,20,22,24,26,28,30,32,34,36,38,40,42,44,46,48,50,52,54,56,58,60,62,64,,
52985060,52987679,1766.168633,1766.255933,20,,,,,,,,,,,,,,,,,,,,,,,,,,,,,,,
53027629,53028649,1767.5876,1767.6216,36,38,,,,,,,,,,,,,,,,,,,,,,,,,,,,,,
53038231,53039298,1767.941,1767.976567,36,,,,,,,,,,,,,,,,,,,,,,,,,,,,,,,
53057131,53073598,1768.571,1769.1199,2,8,10,12,14,16,18,20,22,24,26,28,30,32,34,36,38,40,42,44,46,48,50,52,54,56,58,60,62,64,,
53132039,53166074,1771.067933,1772.202433,10,12,14,16,18,20,22,24,26,28,30,32,34,36,38,40,42,44,48,50,52,54,58,64,,,,,,,,
53193093,53202908,1773.103067,1773.430233,20,28,32,36,50,,,,,,,,,,,,,,,,,,,,,,,,,,,
53263188,53278003,1775.439567,1775.9334,28,34,36,38,40,,,,,,,,,,,,,,,,,,,,,,,,,,,
53320743,53328519,1777.358067,1777.617267,36,54,,,,,,,,,,,,,,,,,,,,,,,,,,,,,,
53355523,53360146,1778.5174,1778.6715,36,,,,,,,,,,,,,,,,,,,,,,,,,,,,,,,
53433449,53449396,1781.114933,1781.6465,2,4,6,8,10,12,14,16,18,20,22,24,26,28,30,32,34,36,38,40,42,44,46,48,50,52,54,56,58,60,62,64
53492397,53493464,1783.079867,1783.115433,36,,,,,,,,,,,,,,,,,,,,,,,,,,,,,,,
53507713,53520138,1783.5904,1784.004567,12,14,18,20,22,24,26,28,30,32,34,36,38,40,42,44,46,50,52,54,58,62,64,,,,,,,,,
53597979,53615248,1786.599267,1787.1749,2,4,6,8,10,12,14,16,18,20,22,24,26,28,30,32,34,36,38,40,42,44,46,48,50,52,54,56,58,60,62,64
53663095,53688361,1788.7698,1789.612,16,18,20,22,24,26,28,30,32,34,36,38,42,50,52,58,64,,,,,,,,,,,,,,,
53730931,53734881,1791.031,1791.162667,34,36,38,,,,,,,,,,,,,,,,,,,,,,,,,,,,,
53776582,53778157,1792.5527,1792.6052,54,,,,,,,,,,,,,,,,,,,,,,,,,,,,,,,
53797588,53808807,1793.2529,1793.626867,2,4,6,8,10,12,14,16,18,20,22,24,26,28,30,32,34,36,38,40,42,44,46,48,50,52,54,56,58,60,62,64
53859095,53864206,1795.303133,1795.4735,18,20,22,24,26,28,30,32,34,36,38,40,42,50,,,,,,,,,,,,,,,,,,
53893899,53900354,1796.463267,1796.678433,20,22,26,28,30,32,34,36,38,40,42,44,50,,,,,,,,,,,,,,,,,,,
53968449,53981030,1798.948267,1799.367633,2,6,8,10,12,14,16,18,20,22,24,26,28,30,32,34,36,38,40,42,44,46,48,50,52,54,56,58,62,64,,
54009144,54010099,1800.304767,1800.3366,56,,,,,,,,,,,,,,,,,,,,,,,,,,,,,,,
54036715,54041126,1801.2238,1801.370833,36,38,,,,,,,,,,,,,,,,,,,,,,,,,,,,,,
54052715,54072400,1801.757133,1802.4133,2,6,8,10,12,14,16,18,20,22,24,26,28,30,32,34,36,38,40,42,44,46,48,50,52,54,56,58,62,64,,
54139651,54146777,1804.655,1804.892533,6,12,14,18,20,22,24,26,28,30,32,34,36,38,40,50,52,58,64,,,,,,,,,,,,,
54176111,54176911,1805.870333,1805.897,36,,,,,,,,,,,,,,,,,,,,,,,,,,,,,,,
54212579,54220510,1807.085933,1807.3503,14,18,20,22,24,26,28,30,32,34,36,38,40,42,44,46,50,52,56,58,62,64,,,,,,,,,,
54284290,54285417,1809.4763,1809.513867,36,,,,,,,,,,,,,,,,,,,,,,,,,,,,,,,
54325314,54337979,1810.843767,1811.265933,30,36,38,,,,,,,,,,,,,,,,,,,,,,,,,,,,,
54358145,54367034,1811.938133,1812.234433,36,,,,,,,,,,,,,,,,,,,,,,,,,,,,,,,
54376662,54381613,1812.555367,1812.7204,36,,,,,,,,,,,,,,,,,,,,,,,,,,,,,,,
54394008,54444078,1813.133567,1814.802567,28,30,32,34,36,38,40,42,44,,,,,,,,,,,,,,,,,,,,,,,
54465858,54472702,1815.528567,1815.7567,2,4,6,8,10,12,14,16,18,20,22,24,26,28,30,32,34,36,38,40,42,44,46,48,50,52,54,56,58,60,62,64
54536594,54548628,1817.886433,1818.287567,2,6,10,12,14,16,18,20,22,24,26,28,30,32,34,36,38,40,42,44,46,48,50,52,54,56,58,60,62,64,,
54622956,54662243,1820.765167,1822.074733,4,6,8,10,12,14,16,18,20,22,24,26,28,30,32,34,36,38,40,42,44,46,48,50,52,54,56,58,60,62,64,
54720461,54739504,1824.015333,1824.6501,10,12,14,16,18,20,22,24,26,28,30,32,34,36,38,40,42,44,46,48,50,52,54,56,58,62,64,,,,,
54798198,54804417,1826.606567,1826.813867,2,6,8,10,12,14,16,18,20,22,24,26,28,30,32,34,36,38,40,42,44,46,48,50,52,54,56,58,60,62,64,
54876955,54881122,1829.2318,1829.3707,36,,,,,,,,,,,,,,,,,,,,,,,,,,,,,,,
54895157,54895993,1829.838533,1829.8664,36,38,,,,,,,,,,,,,,,,,,,,,,,,,,,,,,
54908056,54913055,1830.2685,1830.435133,28,30,32,34,36,38,,,,,,,,,,,,,,,,,,,,,,,,,,
54960270,54988637,1832.008967,1832.954533,2,4,6,8,10,12,14,16,18,20,22,24,26,28,30,32,34,36,38,40,42,44,46,48,50,52,54,56,58,60,62,64
55048000,55057000,1834.9333,1835.2333,36,38,,,,,,,,,,,,,,,,,,,,,,,,,,,,,,
55105850,55114004,1836.861633,1837.133433,36,,,,,,,,,,,,,,,,,,,,,,,,,,,,,,,
55174751,55184773,1839.158333,1839.4924,2,4,6,8,10,12,14,16,18,20,22,24,26,28,30,32,34,36,38,40,42,44,46,48,50,52,54,56,58,60,62,64
55195742,55198638,1839.858033,1839.954567,20,22,28,30,32,,,,,,,,,,,,,,,,,,,,,,,,,,,
55226967,55239309,1840.898867,1841.310267,20,22,28,30,36,,,,,,,,,,,,,,,,,,,,,,,,,,,
55302034,55303548,1843.4011,1843.451567,36,,,,,,,,,,,,,,,,,,,,,,,,,,,,,,,
55321975,55339817,1844.0658,1844.660533,18,20,22,24,28,30,32,34,36,38,40,42,50,52,58,,,,,,,,,,,,,,,,,
55395668,55396656,1846.522233,1846.555167,36,,,,,,,,,,,,,,,,,,,,,,,,,,,,,,,
55421130,55422365,1847.370967,1847.412133,28,30,32,34,36,38,40,50,,,,,,,,,,,,,,,,,,,,,,,,
55542802,55559535,1851.4267,1851.984467,2,4,6,8,10,12,14,16,18,20,22,24,26,28,30,32,34,36,38,40,42,44,46,48,50,52,54,56,58,60,62,64
55617995,55625185,1853.933133,1854.1728,2,6,8,10,12,14,16,18,20,22,24,26,28,30,32,34,36,38,40,42,44,46,48,50,52,54,56,58,60,62,64,
55651897,55658869,1855.0632,1855.2956,36,,,,,,,,,,,,,,,,,,,,,,,,,,,,,,,
55732093,55734213,1857.7364,1857.807067,20,22,24,28,30,32,36,38,50,,,,,,,,,,,,,,,,,,,,,,,
55755009,55756857,1858.500267,1858.561867,20,22,28,30,32,36,38,40,,,,,,,,,,,,,,,,,,,,,,,,
55791836,55797482,1859.727833,1859.916033,12,14,18,20,22,24,26,28,30,32,36,38,44,50,52,58,64,,,,,,,,,,,,,,,
55932053,55946006,1864.401733,1864.866833,6,14,20,22,24,26,28,30,32,36,38,50,52,58,64,,,,,,,,,,,,,,,,,
56000140,56006532,1866.6713,1866.884367,36,,,,,,,,,,,,,,,,,,,,,,,,,,,,,,,
56025537,56031753,1867.517867,1867.725067,20,22,24,26,28,30,32,36,40,42,50,,,,,,,,,,,,,,,,,,,,,
56097375,56105791,1869.912467,1870.193,10,14,18,20,22,24,26,28,30,32,34,36,38,40,42,44,46,48,50,52,54,58,64,,,,,,,,,
56145972,56146779,1871.532367,1871.559267,36,,,,,,,,,,,,,,,,,,,,,,,,,,,,,,,
